{
  "telemetry": {
    "samples": 23,
    "handshake_time_ms": {
      "count": 23.0,
      "avg": 2254.0,
      "p50": 2254.0,
      "p95": 2254.0,
      "p99": 2254.0,
      "max": 2254.0
    },
    "rtt_ms": {
      "count": 23.0,
      "avg": 63.0,
      "p50": 0.0,
      "p95": 588.5999999999991,
      "p99": 763.9800000000002,
      "max": 795.0
    },
    "heap_free": {
      "count": 23.0,
      "avg": 8287238.608695652,
      "p50": 8285280.0,
      "p95": 8294388.0,
      "p99": 8318555.5200000005,
      "max": 8325152.0
    },
    "main_stack_hwm": {
      "count": 23.0,
      "avg": 8752.0,
      "p50": 8752.0,
      "p95": 8752.0,
      "p99": 8752.0,
      "max": 8752.0
    },
    "net_tx_stack_hwm": {
      "count": 19.0,
      "avg": 6512.0,
      "p50": 6512.0,
      "p95": 6512.0,
      "p99": 6512.0,
      "max": 6512.0
    },
    "inference_us": {
      "count": 11.0,
      "avg": 17381.909090909092,
      "p50": 17513.0,
      "p95": 17801.5,
      "p99": 17876.3,
      "max": 17895.0
    },
    "inference_to_enqueue_us": {
      "count": 11.0,
      "avg": 841154.0909090909,
      "p50": 853448.0,
      "p95": 863036.0,
      "p99": 865180.7999999999,
      "max": 865717.0
    },
    "freshness_us": {
      "count": 11.0,
      "avg": 1954107.4545454546,
      "p50": 1629154.0,
      "p95": 3081904.5,
      "p99": 3157976.9,
      "max": 3176995.0
    },
    "latest_counters": {
      "tx_queue_depth": "9",
      "tx_queue_max": "10",
      "route_queue_full_count": "275",
      "stream_send_ok": "0",
      "stream_send_fail": "0",
      "datagrams_sent": "79",
      "datagrams_lost": "275"
    },
    "plot_data": {
      "rtt_ms_samples": [
        654.0,
        795.0,
        0.0,
        0.0,
        0.0,
        0.0,
        0.0,
        0.0,
        0.0,
        0.0,
        0.0,
        0.0,
        0.0,
        0.0,
        0.0,
        0.0,
        0.0,
        0.0,
        0.0,
        0.0,
        0.0,
        0.0,
        0.0
      ],
      "inference_us_samples": [
        15660.0,
        17538.0,
        17420.0,
        17513.0,
        17429.0,
        17534.0,
        17895.0,
        17507.0,
        17708.0,
        17477.0,
        17520.0
      ],
      "inference_to_enqueue_us_samples": [
        713737.0,
        839593.0,
        852124.0,
        860326.0,
        865717.0,
        843238.0,
        853448.0,
        846613.0,
        858659.0,
        858885.0,
        860355.0
      ],
      "freshness_us_samples": [
        787451.0,
        1048116.0,
        1240000.0,
        1420018.0,
        1586785.0,
        1629154.0,
        2371810.0,
        2433190.0,
        2814849.0,
        2986814.0,
        3176995.0
      ],
      "heap_free_samples": [
        8325152.0,
        8295168.0,
        8284316.0,
        8285320.0,
        8285324.0,
        8286324.0,
        8284272.0,
        8284232.0,
        8284280.0,
        8285280.0,
        8285316.0,
        8287368.0,
        8285324.0,
        8286324.0,
        8285316.0,
        8286324.0,
        8284280.0,
        8284232.0,
        8284272.0,
        8284232.0,
        8284280.0,
        8285280.0,
        8284272.0
      ]
    }
  },
  "tx": {
    "samples": 81,
    "stream": {
      "count": 0,
      "qwait_us": {
        "count": 0.0,
        "avg": 0.0,
        "p50": 0.0,
        "p95": 0.0,
        "p99": 0.0,
        "max": 0.0
      },
      "send_us": {
        "count": 0.0,
        "avg": 0.0,
        "p50": 0.0,
        "p95": 0.0,
        "p99": 0.0,
        "max": 0.0
      },
      "e2e_us": {
        "count": 0.0,
        "avg": 0.0,
        "p50": 0.0,
        "p95": 0.0,
        "p99": 0.0,
        "max": 0.0
      },
      "depth": {
        "count": 0.0,
        "avg": 0.0,
        "p50": 0.0,
        "p95": 0.0,
        "p99": 0.0,
        "max": 0.0
      },
      "failures": 0,
      "throughput_bps": 0.0
    },
    "datagram": {
      "count": 81,
      "qwait_us": {
        "count": 81.0,
        "avg": 2363932.5061728396,
        "p50": 2529571.0,
        "p95": 3246721.0,
        "p99": 3343616.0,
        "max": 3347908.0
      },
      "send_us": {
        "count": 81.0,
        "avg": 233857.2098765432,
        "p50": 135658.0,
        "p95": 845651.0,
        "p99": 866589.6000000001,
        "max": 867196.0
      },
      "e2e_us": {
        "count": 81.0,
        "avg": 2597789.716049383,
        "p50": 2677303.0,
        "p95": 3469734.0,
        "p99": 3487000.6,
        "max": 3488483.0
      },
      "depth": {
        "count": 81.0,
        "avg": 7.938271604938271,
        "p50": 9.0,
        "p95": 9.0,
        "p99": 9.0,
        "max": 9.0
      },
      "failures": 0,
      "throughput_bps": 24114.42953020134
    },
    "plot_data": {
      "stream_send_us_samples": [],
      "datagram_send_us_samples": [
        56634.0,
        58036.0,
        190966.0,
        137287.0,
        137125.0,
        120211.0,
        56422.0,
        707371.0,
        56220.0,
        338500.0,
        134401.0,
        137657.0,
        138012.0,
        138585.0,
        59810.0,
        839222.0,
        230758.0,
        128521.0,
        135494.0,
        135334.0,
        135501.0,
        70326.0,
        845606.0,
        231146.0,
        134941.0,
        135658.0,
        135392.0,
        135469.0,
        77164.0,
        866438.0,
        217397.0,
        138722.0,
        134951.0,
        135368.0,
        135468.0,
        67096.0,
        845661.0,
        56867.0,
        341252.0,
        134948.0,
        135435.0,
        138712.0,
        138589.0,
        60394.0,
        839980.0,
        230673.0,
        138442.0,
        145530.0,
        135459.0,
        135477.0,
        67263.0,
        840084.0,
        231205.0,
        138280.0,
        138572.0,
        138616.0,
        138594.0,
        70388.0,
        867196.0,
        217311.0,
        134938.0,
        138729.0,
        138617.0,
        138607.0,
        70385.0,
        845651.0,
        231120.0,
        135292.0,
        134942.0,
        135464.0,
        135430.0,
        70508.0,
        839848.0,
        231230.0,
        135468.0,
        134945.0,
        135462.0,
        135486.0,
        77339.0,
        853630.0,
        231206.0
      ],
      "mode_counts": {
        "stream": 0,
        "datagram": 81
      },
      "mode_throughput_bps": {
        "stream": 0.0,
        "datagram": 24114.42953020134
      }
    }
  }
}
