{
  "telemetry": {
    "samples": 15,
    "handshake_time_ms": {
      "count": 15.0,
      "avg": 2243.0,
      "p50": 2243.0,
      "p95": 2243.0,
      "p99": 2243.0,
      "max": 2243.0
    },
    "rtt_ms": {
      "count": 15.0,
      "avg": 102.33333333333333,
      "p50": 0.0,
      "p95": 751.7,
      "p99": 795.9399999999999,
      "max": 807.0
    },
    "heap_free": {
      "count": 15.0,
      "avg": 8287865.866666666,
      "p50": 8285436.0,
      "p95": 8303922.4,
      "p99": 8326438.88,
      "max": 8332068.0
    },
    "main_stack_hwm": {
      "count": 15.0,
      "avg": 7739.733333333334,
      "p50": 7696.0,
      "p95": 7913.6,
      "p99": 7931.52,
      "max": 7936.0
    },
    "net_tx_stack_hwm": {
      "count": 11.0,
      "avg": 5108.0,
      "p50": 5108.0,
      "p95": 5108.0,
      "p99": 5108.0,
      "max": 5108.0
    },
    "inference_us": {
      "count": 7.0,
      "avg": 17353.714285714286,
      "p50": 17566.0,
      "p95": 17775.9,
      "p99": 17811.18,
      "max": 17820.0
    },
    "inference_to_enqueue_us": {
      "count": 7.0,
      "avg": 806758.8571428572,
      "p50": 820108.0,
      "p95": 824318.3999999999,
      "p99": 824371.68,
      "max": 824385.0
    },
    "freshness_us": {
      "count": 7.0,
      "avg": 1733524.142857143,
      "p50": 1567439.0,
      "p95": 2502453.4000000004,
      "p99": 2541477.88,
      "max": 2551234.0
    },
    "latest_counters": {
      "tx_queue_depth": "8",
      "tx_queue_max": "10",
      "route_queue_full_count": "150",
      "stream_send_ok": "73",
      "stream_send_fail": "150",
      "datagrams_sent": "0",
      "datagrams_lost": "0"
    },
    "plot_data": {
      "rtt_ms_samples": [
        807.0,
        728.0,
        0.0,
        0.0,
        0.0,
        0.0,
        0.0,
        0.0,
        0.0,
        0.0,
        0.0,
        0.0,
        0.0,
        0.0,
        0.0
      ],
      "inference_us_samples": [
        15849.0,
        17673.0,
        17566.0,
        17626.0,
        17469.0,
        17473.0,
        17820.0
      ],
      "inference_to_enqueue_us_samples": [
        724504.0,
        819842.0,
        824385.0,
        824163.0,
        820125.0,
        820108.0,
        814185.0
      ],
      "freshness_us_samples": [
        908021.0,
        1201176.0,
        1403849.0,
        1567439.0,
        2114318.0,
        2388632.0,
        2551234.0
      ],
      "heap_free_samples": [
        8332068.0,
        8291860.0,
        8282312.0,
        8286488.0,
        8282312.0,
        8286488.0,
        8282312.0,
        8286488.0,
        8282312.0,
        8286488.0,
        8282312.0,
        8285436.0,
        8282312.0,
        8286488.0,
        8282312.0
      ]
    }
  },
  "tx": {
    "samples": 81,
    "stream": {
      "count": 81,
      "qwait_us": {
        "count": 81.0,
        "avg": 1985335.7777777778,
        "p50": 2102539.0,
        "p95": 3152797.0,
        "p99": 3241063.8,
        "max": 3241111.0
      },
      "send_us": {
        "count": 81.0,
        "avg": 240579.24691358025,
        "p50": 155089.0,
        "p95": 696836.0,
        "p99": 765954.0000000003,
        "max": 837718.0
      },
      "e2e_us": {
        "count": 81.0,
        "avg": 2225915.024691358,
        "p50": 2337046.0,
        "p95": 3307865.0,
        "p99": 3388210.4000000004,
        "max": 3396200.0
      },
      "depth": {
        "count": 81.0,
        "avg": 6.222222222222222,
        "p50": 7.0,
        "p95": 9.0,
        "p99": 9.0,
        "max": 9.0
      },
      "failures": 0,
      "throughput_bps": 24891.467002942412
    },
    "datagram": {
      "count": 0,
      "qwait_us": {
        "count": 0.0,
        "avg": 0.0,
        "p50": 0.0,
        "p95": 0.0,
        "p99": 0.0,
        "max": 0.0
      },
      "send_us": {
        "count": 0.0,
        "avg": 0.0,
        "p50": 0.0,
        "p95": 0.0,
        "p99": 0.0,
        "max": 0.0
      },
      "e2e_us": {
        "count": 0.0,
        "avg": 0.0,
        "p50": 0.0,
        "p95": 0.0,
        "p99": 0.0,
        "max": 0.0
      },
      "depth": {
        "count": 0.0,
        "avg": 0.0,
        "p50": 0.0,
        "p95": 0.0,
        "p99": 0.0,
        "max": 0.0
      },
      "failures": 0,
      "throughput_bps": 0.0
    },
    "plot_data": {
      "stream_send_us_samples": [
        120671.0,
        72029.0,
        167645.0,
        153682.0,
        160588.0,
        119658.0,
        541704.0,
        253117.0,
        137993.0,
        82357.0,
        144312.0,
        565969.0,
        230328.0,
        155232.0,
        155062.0,
        155070.0,
        120444.0,
        696849.0,
        255764.0,
        139150.0,
        85445.0,
        144831.0,
        566725.0,
        230432.0,
        155183.0,
        145029.0,
        155093.0,
        130760.0,
        748013.0,
        261568.0,
        139232.0,
        87041.0,
        144938.0,
        560322.0,
        230589.0,
        148242.0,
        155055.0,
        155173.0,
        130764.0,
        837718.0,
        261903.0,
        139138.0,
        78296.0,
        144771.0,
        560449.0,
        230598.0,
        155235.0,
        155089.0,
        155062.0,
        120834.0,
        696948.0,
        262699.0,
        120006.0,
        63043.0,
        151988.0,
        566823.0,
        230655.0,
        155187.0,
        155099.0,
        155058.0,
        120869.0,
        691039.0,
        255844.0,
        139156.0,
        78741.0,
        145004.0,
        611976.0,
        236575.0,
        155177.0,
        162019.0,
        155068.0,
        113936.0,
        696836.0,
        262502.0,
        129774.0,
        81109.0,
        145012.0,
        566745.0,
        230628.0,
        155188.0,
        155063.0
      ],
      "datagram_send_us_samples": [],
      "mode_counts": {
        "stream": 81,
        "datagram": 0
      },
      "mode_throughput_bps": {
        "stream": 24891.467002942412,
        "datagram": 0.0
      }
    }
  }
}
