{
  "telemetry": {
    "samples": 15,
    "handshake_time_ms": {
      "count": 15.0,
      "avg": 2242.0,
      "p50": 2242.0,
      "p95": 2242.0,
      "p99": 2242.0,
      "max": 2242.0
    },
    "rtt_ms": {
      "count": 15.0,
      "avg": 102.4,
      "p50": 0.0,
      "p95": 752.4000000000001,
      "p99": 796.0799999999999,
      "max": 807.0
    },
    "heap_free": {
      "count": 15.0,
      "avg": 8287529.066666666,
      "p50": 8285052.0,
      "p95": 8303942.4,
      "p99": 8326458.88,
      "max": 8332088.0
    },
    "main_stack_hwm": {
      "count": 15.0,
      "avg": 7739.733333333334,
      "p50": 7696.0,
      "p95": 7913.6,
      "p99": 7931.52,
      "max": 7936.0
    },
    "net_tx_stack_hwm": {
      "count": 12.0,
      "avg": 6512.0,
      "p50": 6512.0,
      "p95": 6512.0,
      "p99": 6512.0,
      "max": 6512.0
    },
    "inference_us": {
      "count": 7.0,
      "avg": 17473.14285714286,
      "p50": 17539.0,
      "p95": 18189.8,
      "p99": 18329.96,
      "max": 18365.0
    },
    "inference_to_enqueue_us": {
      "count": 7.0,
      "avg": 771281.2857142857,
      "p50": 777214.0,
      "p95": 795933.7,
      "p99": 797952.34,
      "max": 798457.0
    },
    "freshness_us": {
      "count": 7.0,
      "avg": 1737458.142857143,
      "p50": 1565980.0,
      "p95": 2590819.2,
      "p99": 2629280.64,
      "max": 2638896.0
    },
    "latest_counters": {
      "tx_queue_depth": "7",
      "tx_queue_max": "10",
      "route_queue_full_count": "143",
      "stream_send_ok": "8",
      "stream_send_fail": "0",
      "datagrams_sent": "73",
      "datagrams_lost": "143"
    },
    "plot_data": {
      "rtt_ms_samples": [
        807.0,
        729.0,
        0.0,
        0.0,
        0.0,
        0.0,
        0.0,
        0.0,
        0.0,
        0.0,
        0.0,
        0.0,
        0.0,
        0.0,
        0.0
      ],
      "inference_us_samples": [
        16093.0,
        18365.0,
        17781.0,
        17558.0,
        17539.0,
        17483.0,
        17493.0
      ],
      "inference_to_enqueue_us_samples": [
        708814.0,
        776710.0,
        762961.0,
        798457.0,
        777214.0,
        784767.0,
        790046.0
      ],
      "freshness_us_samples": [
        873645.0,
        1123204.0,
        1280995.0,
        1565980.0,
        2200847.0,
        2478640.0,
        2638896.0
      ],
      "heap_free_samples": [
        8332088.0,
        8291880.0,
        8281920.0,
        8286096.0,
        8281920.0,
        8287140.0,
        8280876.0,
        8285052.0,
        8281920.0,
        8286092.0,
        8281920.0,
        8286096.0,
        8281920.0,
        8286096.0,
        8281920.0
      ]
    }
  },
  "tx": {
    "samples": 83,
    "stream": {
      "count": 9,
      "qwait_us": {
        "count": 9.0,
        "avg": 0.0,
        "p50": 0.0,
        "p95": 0.0,
        "p99": 0.0,
        "max": 0.0
      },
      "send_us": {
        "count": 9.0,
        "avg": 94028.77777777778,
        "p50": 75662.0,
        "p95": 136113.2,
        "p99": 139051.44,
        "max": 139786.0
      },
      "e2e_us": {
        "count": 9.0,
        "avg": 94028.77777777778,
        "p50": 75662.0,
        "p95": 136113.2,
        "p99": 139051.44,
        "max": 139786.0
      },
      "depth": {
        "count": 9.0,
        "avg": 0.0,
        "p50": 0.0,
        "p95": 0.0,
        "p99": 0.0,
        "max": 0.0
      },
      "failures": 0,
      "throughput_bps": 101.03448275862068
    },
    "datagram": {
      "count": 74,
      "qwait_us": {
        "count": 74.0,
        "avg": 1907830.972972973,
        "p50": 2028697.0,
        "p95": 3040584.55,
        "p99": 3058352.3,
        "max": 3063309.0
      },
      "send_us": {
        "count": 74.0,
        "avg": 246687.22972972973,
        "p50": 138594.5,
        "p95": 798918.45,
        "p99": 847861.57,
        "max": 857710.0
      },
      "e2e_us": {
        "count": 74.0,
        "avg": 2154518.2027027025,
        "p50": 2163944.0,
        "p95": 3180124.0,
        "p99": 3193891.3000000003,
        "max": 3198775.0
      },
      "depth": {
        "count": 74.0,
        "avg": 6.513513513513513,
        "p50": 7.0,
        "p95": 9.0,
        "p99": 9.0,
        "max": 9.0
      },
      "failures": 0,
      "throughput_bps": 27455.07246376812
    },
    "plot_data": {
      "stream_send_us_samples": [
        120667.0,
        72032.0,
        72168.0,
        139786.0,
        89685.0,
        130604.0,
        70061.0,
        75594.0,
        75662.0
      ],
      "datagram_send_us_samples": [
        148714.0,
        134187.0,
        134354.0,
        49996.0,
        636486.0,
        244432.0,
        124074.0,
        135019.0,
        556803.0,
        204944.0,
        141716.0,
        135468.0,
        145527.0,
        138321.0,
        50447.0,
        798797.0,
        236918.0,
        119673.0,
        62483.0,
        127172.0,
        674419.0,
        282225.0,
        135566.0,
        135466.0,
        135472.0,
        94174.0,
        681015.0,
        258749.0,
        114725.0,
        127004.0,
        556985.0,
        211062.0,
        141715.0,
        138754.0,
        138457.0,
        138580.0,
        50440.0,
        799612.0,
        236841.0,
        113881.0,
        62493.0,
        127061.0,
        681000.0,
        211012.0,
        144849.0,
        138579.0,
        138595.0,
        138612.0,
        50452.0,
        844219.0,
        252137.0,
        124768.0,
        135616.0,
        556977.0,
        210970.0,
        141686.0,
        135293.0,
        135545.0,
        50552.0,
        799144.0,
        246312.0,
        124787.0,
        135721.0,
        563491.0,
        211085.0,
        141729.0,
        138585.0,
        138594.0,
        50591.0,
        857710.0,
        252228.0,
        124955.0,
        135617.0,
        563217.0
      ],
      "mode_counts": {
        "stream": 9,
        "datagram": 74
      },
      "mode_throughput_bps": {
        "stream": 101.03448275862068,
        "datagram": 27455.07246376812
      }
    }
  }
}
