{
  "telemetry": {
    "samples": 58,
    "handshake_time_ms": {
      "count": 58.0,
      "avg": 2241.0,
      "p50": 2241.0,
      "p95": 2241.0,
      "p99": 2241.0,
      "max": 2241.0
    },
    "rtt_ms": {
      "count": 58.0,
      "avg": 235.08620689655172,
      "p50": 157.0,
      "p95": 600.4499999999999,
      "p99": 762.54,
      "max": 807.0
    },
    "heap_free": {
      "count": 58.0,
      "avg": 8292446.206896552,
      "p50": 8291748.0,
      "p95": 8291748.0,
      "p99": 8309181.4399999995,
      "max": 8332100.0
    },
    "main_stack_hwm": {
      "count": 58.0,
      "avg": 8416.551724137931,
      "p50": 8416.0,
      "p95": 8416.0,
      "p99": 8429.76,
      "max": 8448.0
    },
    "net_tx_stack_hwm": {
      "count": 38.0,
      "avg": 5116.0,
      "p50": 5116.0,
      "p95": 5116.0,
      "p99": 5116.0,
      "max": 5116.0
    },
    "inference_us": {
      "count": 29.0,
      "avg": 16093.793103448275,
      "p50": 16054.0,
      "p95": 16349.0,
      "p99": 16717.879999999997,
      "max": 16852.0
    },
    "inference_to_enqueue_us": {
      "count": 29.0,
      "avg": 914.2068965517242,
      "p50": 892.0,
      "p95": 1033.2,
      "p99": 1078.72,
      "max": 1093.0
    },
    "freshness_us": {
      "count": 29.0,
      "avg": 83970.31034482758,
      "p50": 84018.0,
      "p95": 84437.6,
      "p99": 84838.88,
      "max": 84994.0
    },
    "latest_counters": {
      "tx_queue_depth": "0",
      "tx_queue_max": "0",
      "route_queue_full_count": "0",
      "stream_send_ok": "58",
      "stream_send_fail": "0",
      "datagrams_sent": "0",
      "datagrams_lost": "0"
    },
    "plot_data": {
      "rtt_ms_samples": [
        807.0,
        729.0,
        654.0,
        591.0,
        534.0,
        487.0,
        443.0,
        406.0,
        372.0,
        344.0,
        318.0,
        297.0,
        276.0,
        261.0,
        245.0,
        233.0,
        220.0,
        212.0,
        202.0,
        195.0,
        188.0,
        184.0,
        177.0,
        174.0,
        169.0,
        167.0,
        162.0,
        161.0,
        157.0,
        157.0,
        154.0,
        153.0,
        151.0,
        152.0,
        150.0,
        152.0,
        149.0,
        149.0,
        148.0,
        148.0,
        147.0,
        147.0,
        146.0,
        146.0,
        145.0,
        145.0,
        144.0,
        145.0,
        143.0,
        144.0,
        143.0,
        146.0,
        145.0,
        145.0,
        144.0,
        145.0,
        143.0,
        144.0
      ],
      "inference_us_samples": [
        15928.0,
        16006.0,
        16012.0,
        16163.0,
        16058.0,
        16019.0,
        16073.0,
        16118.0,
        16161.0,
        16054.0,
        15992.0,
        16313.0,
        16001.0,
        16055.0,
        16044.0,
        16147.0,
        15984.0,
        16022.0,
        16055.0,
        16852.0,
        15948.0,
        16007.0,
        16197.0,
        15970.0,
        16053.0,
        15942.0,
        16373.0,
        16078.0,
        16095.0
      ],
      "inference_to_enqueue_us_samples": [
        884.0,
        914.0,
        889.0,
        892.0,
        1020.0,
        892.0,
        940.0,
        893.0,
        927.0,
        974.0,
        1093.0,
        901.0,
        885.0,
        883.0,
        1042.0,
        884.0,
        896.0,
        907.0,
        932.0,
        895.0,
        885.0,
        887.0,
        892.0,
        880.0,
        894.0,
        886.0,
        883.0,
        880.0,
        882.0
      ],
      "freshness_us_samples": [
        83041.0,
        83244.0,
        83215.0,
        83816.0,
        84018.0,
        83761.0,
        83953.0,
        83825.0,
        83800.0,
        83693.0,
        84085.0,
        84219.0,
        83902.0,
        84300.0,
        84028.0,
        84049.0,
        83877.0,
        83936.0,
        84056.0,
        84994.0,
        84032.0,
        83997.0,
        84440.0,
        84033.0,
        84044.0,
        83926.0,
        84361.0,
        84060.0,
        84434.0
      ],
      "heap_free_samples": [
        8332100.0,
        8291892.0,
        8291748.0,
        8291748.0,
        8291748.0,
        8291748.0,
        8291748.0,
        8291748.0,
        8291748.0,
        8291748.0,
        8291748.0,
        8291748.0,
        8291748.0,
        8291748.0,
        8291748.0,
        8291748.0,
        8291748.0,
        8291748.0,
        8291748.0,
        8291748.0,
        8291748.0,
        8291748.0,
        8291748.0,
        8291748.0,
        8291748.0,
        8291748.0,
        8291748.0,
        8291748.0,
        8291748.0,
        8291748.0,
        8291748.0,
        8291748.0,
        8291748.0,
        8291748.0,
        8291748.0,
        8291748.0,
        8291748.0,
        8291748.0,
        8291748.0,
        8291748.0,
        8291748.0,
        8291748.0,
        8291748.0,
        8291748.0,
        8291748.0,
        8291748.0,
        8291748.0,
        8291748.0,
        8291748.0,
        8291748.0,
        8291748.0,
        8291748.0,
        8291748.0,
        8291748.0,
        8291748.0,
        8291748.0,
        8291748.0,
        8291748.0
      ]
    }
  },
  "tx": {
    "samples": 59,
    "stream": {
      "count": 59,
      "qwait_us": {
        "count": 59.0,
        "avg": 11.389830508474576,
        "p50": 0.0,
        "p95": 24.0,
        "p99": 24.0,
        "max": 24.0
      },
      "send_us": {
        "count": 59.0,
        "avg": 62094.42372881356,
        "p50": 66291.0,
        "p95": 67348.5,
        "p99": 92464.34000000008,
        "max": 120668.0
      },
      "e2e_us": {
        "count": 59.0,
        "avg": 62105.813559322036,
        "p50": 66314.0,
        "p95": 67371.5,
        "p99": 92464.34000000008,
        "max": 120668.0
      },
      "depth": {
        "count": 59.0,
        "avg": 0.0,
        "p50": 0.0,
        "p95": 0.0,
        "p99": 0.0,
        "max": 0.0
      },
      "failures": 0,
      "throughput_bps": 534.5684210526316
    },
    "datagram": {
      "count": 0,
      "qwait_us": {
        "count": 0.0,
        "avg": 0.0,
        "p50": 0.0,
        "p95": 0.0,
        "p99": 0.0,
        "max": 0.0
      },
      "send_us": {
        "count": 0.0,
        "avg": 0.0,
        "p50": 0.0,
        "p95": 0.0,
        "p99": 0.0,
        "max": 0.0
      },
      "e2e_us": {
        "count": 0.0,
        "avg": 0.0,
        "p50": 0.0,
        "p95": 0.0,
        "p99": 0.0,
        "max": 0.0
      },
      "depth": {
        "count": 0.0,
        "avg": 0.0,
        "p50": 0.0,
        "p95": 0.0,
        "p99": 0.0,
        "max": 0.0
      },
      "failures": 0,
      "throughput_bps": 0.0
    },
    "plot_data": {
      "stream_send_us_samples": [
        120668.0,
        72041.0,
        66206.0,
        56361.0,
        66300.0,
        57772.0,
        66291.0,
        49719.0,
        66738.0,
        54783.0,
        66917.0,
        55229.0,
        66827.0,
        55374.0,
        66917.0,
        55219.0,
        66791.0,
        55227.0,
        66688.0,
        55064.0,
        66642.0,
        50217.0,
        66977.0,
        55516.0,
        66982.0,
        55389.0,
        66993.0,
        52527.0,
        67339.0,
        55031.0,
        66918.0,
        55189.0,
        66995.0,
        50035.0,
        66974.0,
        58745.0,
        66984.0,
        54751.0,
        67046.0,
        55384.0,
        67224.0,
        51428.0,
        67175.0,
        55099.0,
        67080.0,
        55490.0,
        67328.0,
        55746.0,
        67160.0,
        55200.0,
        67073.0,
        57022.0,
        67075.0,
        51480.0,
        67082.0,
        55609.0,
        67079.0,
        55021.0,
        67434.0
      ],
      "datagram_send_us_samples": [],
      "mode_counts": {
        "stream": 59,
        "datagram": 0
      },