{
  "telemetry": {
    "samples": 59,
    "handshake_time_ms": {
      "count": 59.0,
      "avg": 2239.0,
      "p50": 2239.0,
      "p95": 2239.0,
      "p99": 2239.0,
      "max": 2239.0
    },
    "rtt_ms": {
      "count": 59.0,
      "avg": 232.5084745762712,
      "p50": 157.0,
      "p95": 596.3000000000002,
      "p99": 761.7600000000001,
      "max": 807.0
    },
    "heap_free": {
      "count": 59.0,
      "avg": 8292362.372881356,
      "p50": 8291676.0,
      "p95": 8291676.0,
      "p99": 8308707.359999999,
      "max": 8332028.0
    },
    "main_stack_hwm": {
      "count": 59.0,
      "avg": 8416.542372881357,
      "p50": 8416.0,
      "p95": 8416.0,
      "p99": 8429.44,
      "max": 8448.0
    },
    "net_tx_stack_hwm": {
      "count": 39.0,
      "avg": 6512.0,
      "p50": 6512.0,
      "p95": 6512.0,
      "p99": 6512.0,
      "max": 6512.0
    },
    "inference_us": {
      "count": 29.0,
      "avg": 16052.896551724138,
      "p50": 16036.0,
      "p95": 16295.599999999999,
      "p99": 16442.96,
      "max": 16490.0
    },
    "inference_to_enqueue_us": {
      "count": 29.0,
      "avg": 944.8275862068965,
      "p50": 901.0,
      "p95": 1072.4,
      "p99": 1142.2399999999998,
      "max": 1168.0
    },
    "freshness_us": {
      "count": 29.0,
      "avg": 74921.31034482758,
      "p50": 75051.0,
      "p95": 75295.8,
      "p99": 75447.48,
      "max": 75499.0
    },
    "latest_counters": {
      "tx_queue_depth": "0",
      "tx_queue_max": "0",
      "route_queue_full_count": "0",
      "stream_send_ok": "30",
      "stream_send_fail": "0",
      "datagrams_sent": "29",
      "datagrams_lost": "0"
    },
    "plot_data": {
      "rtt_ms_samples": [
        807.0,
        729.0,
        653.0,
        590.0,
        532.0,
        484.0,
        442.0,
        405.0,
        370.0,
        343.0,
        315.0,
        295.0,
        273.0,
        258.0,
        241.0,
        230.0,
        220.0,
        211.0,
        200.0,
        194.0,
        189.0,
        184.0,
        176.0,
        173.0,
        167.0,
        166.0,
        164.0,
        162.0,
        158.0,
        157.0,
        153.0,
        152.0,
        152.0,
        152.0,
        148.0,
        148.0,
        148.0,
        150.0,
        150.0,
        150.0,
        150.0,
        150.0,
        147.0,
        149.0,
        146.0,
        146.0,
        143.0,
        146.0,
        143.0,
        144.0,
        141.0,
        143.0,
        140.0,
        142.0,
        139.0,
        141.0,
        139.0,
        140.0,
        138.0
      ],
      "inference_us_samples": [
        15686.0,
        16120.0,
        16154.0,
        16065.0,
        16019.0,
        16002.0,
        15922.0,
        15955.0,
        15982.0,
        16036.0,
        16010.0,
        16256.0,
        16322.0,
        15978.0,
        16026.0,
        15941.0,
        16113.0,
        16059.0,
        15943.0,
        15936.0,
        16490.0,
        15985.0,
        16073.0,
        16019.0,
        16069.0,
        16183.0,
        16037.0,
        16090.0,
        16063.0
      ],
      "inference_to_enqueue_us_samples": [
        885.0,
        891.0,
        931.0,
        981.0,
        1067.0,
        901.0,
        881.0,
        946.0,
        1168.0,
        951.0,
        1076.0,
        891.0,
        894.0,
        891.0,
        886.0,
        887.0,
        881.0,
        889.0,
        892.0,
        881.0,
        949.0,
        1059.0,
        964.0,
        1067.0,
        876.0,
        904.0,
        991.0,
        881.0,
        1039.0
      ],
      "freshness_us_samples": [
        73912.0,
        74342.0,
        74355.0,
        74717.0,
        74750.0,
        74743.0,
        74565.0,
        74512.0,
        74719.0,
        74695.0,
        75118.0,
        75266.0,
        75315.0,
        74978.0,
        75018.0,
        74933.0,
        75104.0,
        75058.0,
        75051.0,
        75057.0,
        75499.0,
        75067.0,
        75067.0,
        75177.0,
        75063.0,
        75184.0,
        75035.0,
        75267.0,
        75151.0
      ],
      "heap_free_samples": [
        8332028.0,
        8291820.0,
        8291676.0,
        8291676.0,
        8291676.0,
        8291676.0,
        8291676.0,
        8291676.0,
        8291676.0,
        8291676.0,
        8291676.0,
        8291676.0,
        8291676.0,
        8291676.0,
        8291676.0,
        8291676.0,
        8291676.0,
        8291676.0,
        8291676.0,
        8291676.0,
        8291676.0,
        8291676.0,
        8291676.0,
        8291676.0,
        8291676.0,
        8291676.0,
        8291676.0,
        8291676.0,
        8291676.0,
        8291676.0,
        8291676.0,
        8291676.0,
        8291676.0,
        8291676.0,
        8291676.0,
        8291676.0,
        8291676.0,
        8291676.0,
        8291676.0,
        8291676.0,
        8291676.0,
        8291676.0,
        8291676.0,
        8291676.0,
        8291676.0,
        8291676.0,
        8291676.0,
        8291676.0,
        8291676.0,
        8291676.0,
        8291676.0,
        8291676.0,
        8291676.0,
        8291676.0,
        8291676.0,
        8291676.0,
        8291676.0,
        8291676.0,
        8291676.0
      ]
    }
  },
  "tx": {
    "samples": 60,
    "stream": {
      "count": 31,
      "qwait_us": {
        "count": 31.0,
        "avg": 0.0,
        "p50": 0.0,
        "p95": 0.0,
        "p99": 0.0,
        "max": 0.0
      },
      "send_us": {
        "count": 31.0,
        "avg": 57922.22580645161,
        "p50": 56282.0,
        "p95": 64622.5,
        "p99": 106119.29999999996,
        "max": 120654.0
      },
      "e2e_us": {
        "count": 31.0,
        "avg": 57922.22580645161,
        "p50": 56282.0,
        "p95": 64622.5,
        "p99": 106119.29999999996,
        "max": 120654.0
      },
      "depth": {
        "count": 31.0,
        "avg": 0.0,
        "p50": 0.0,
        "p95": 0.0,
        "p99": 0.0,
        "max": 0.0
      },
      "failures": 0,
      "throughput_bps": 348.8898198575618
    },
    "datagram": {
      "count": 29,
      "qwait_us": {
        "count": 29.0,
        "avg": 23.17241379310345,
        "p50": 23.0,
        "p95": 24.0,
        "p99": 24.0,
        "max": 24.0
      },
      "send_us": {
        "count": 29.0,
        "avg": 57900.41379310345,
        "p50": 58026.0,
        "p95": 58206.8,
        "p99": 58257.04,
        "max": 58273.0
      },
      "e2e_us": {
        "count": 29.0,
        "avg": 57923.58620689655,
        "p50": 58049.0,
        "p95": 58230.399999999994,
        "p99": 58280.32000000001,
        "max": 58296.0
      },
      "depth": {
        "count": 29.0,
        "avg": 0.0,
        "p50": 0.0,
        "p95": 0.0,
        "p99": 0.0,
        "max": 0.0
      },
      "failures": 0,
      "throughput_bps": 213.529682466636
    },
    "plot_data": {
      "stream_send_us_samples": [
        120654.0,
        72205.0,
        56038.0,
        49438.0,
        50210.0,
        56075.0,
        56163.0,
        56362.0,
        56282.0,
        56064.0,
        56062.0,
        51309.0,
        56320.0,
        54631.0,
        52066.0,
        56546.0,
        56032.0,
        56443.0,
        56504.0,
        57040.0,
        56155.0,
        51436.0,
        57028.0,
        56410.0,
        56418.0,
        56476.0,
        53416.0,
        56399.0,
        56302.0,
        56082.0,
        57023.0
      ],